Variable: Emissions of CO2 - Total (Model Estimations, EDGAR v.4.2 FT2010)
Units: Gigagrams of CO2
Data Source: 
Provider: UNEP Environmental Data Explorer (http://geodata.grid.unep.ch/)
Country Name,Sovereign,GEO Region,GEO Subregion,GEO ID,ISO 2 Code,ISO 3 Code,UN Code,Developed,Least Developed,OECD,Sub-saharan,Small Island Dev. States,Arab World,2000,2001,2002,2003,2004,2005,2006,2007,2008,2009,2010
Afghanistan,Afghanistan,Asia + Pacific,South Asia,4,AF,AFG,4,0,1,0,0,0,0,0.000041938394010312982510,0.000036373349947067145090,0.000031321004557983677730,0.000027365905148359801180,0.000028033199132342716300,0.000029011902223974192410,0.000026262304292017962410,0.000026870455269989221680,0.000026565392383897721980,0.000025961917410730397500,0.000025522646120474121230
Albania,Albania,Europe,Central Europe,8,AL,ALB,8,0,0,0,0,0,0,0.00116732477042012740,0.00124461364300321360,0.00144841585978673860,0.00150562914622814790,0.00137321062123002300,0.00165797073335565200,0.00155821070144705100,0.00157713298507368410,0.00156151694380997340,0.00151811702282954320,0.00160606830172627250
Algeria,Algeria,Africa,Northern Africa,12,DZ,DZA,12,0,0,0,0,0,1,0.00260822398910445970,0.00253787223718670490,0.00257027599545635960,0.00269354369549803960,0.00266943403443968270,0.00275285401741414390,0.00285329728288589050,0.00291016326181724930,0.00297544604119198110,0.00309339724543952860,0.00308414366966338220
American Samoa,United States of America,Asia + Pacific,South Pacific,16,AS,ASM,16,0,0,0,0,0,0,0.00028191474566252912,0.00029174114816088003,0.00029481014813553550,0.00029924052774018945,0.00030443806952413095,0.00031072280393118731,0.00031887127024722933,0.00032859633977900552,0.00033941980718667835,0.00035020625889046942,0.00035997016320368107
Andorra,Andorra,Europe,Western Europe,20,AD,AND,20,0,0,0,0,0,0,NULL,NULL,NULL,NULL,NULL,NULL,NULL,NULL,NULL,NULL,NULL
Angola,Angola,Africa,Southern Africa,24,AO,AGO,24,0,1,0,1,0,0,0.00156065752716357030,0.00151802186954738520,0.00149543213359665740,0.00155778122183242440,0.00145732222549087110,0.00129687386668600860,0.00144789281876372470,0.00126540129172124110,0.00128575874721530600,0.00130782967976456540,0.00133037326526540860
Anguilla,United Kingdom of Great Britain and Northern Ireland,Latin America + Caribbean,Caribbean,28,AI,AIA,660,0,0,0,0,0,0,0.00000000000000000000,0.00000000000000000000,0.00000000000000000000,0.00000000000000000000,0.00000000000000000000,0.00000000000000000000,0.00000000000000000000,0.00000000000000000000,0.00000000000000000000,0.00000000000000000000,0.00000000000000000000
Antarctic,Antarctic,Polar,Antarctic,32,ATA,AQ,0,0,0,0,0,0,0,NULL,NULL,NULL,NULL,NULL,NULL,NULL,NULL,NULL,NULL,NULL
Antigua and Barbuda,Antigua and Barbuda,Latin America + Caribbean,Caribbean,36,AG,ATG,28,0,0,0,0,1,0,0.00435132907479909330,0.00426631632265417250,0.00428269398975384230,0.00436693448702101360,0.00466067058247674990,0.00466048567795070550,0.00470646939020007190,0.00480729857819905210,0.00489456356180433510,0.00496798377752027810,0.00504077585317483060
Argentina,Argentina,Latin America + Caribbean,South America,40,AR,ARG,32,0,0,0,0,0,0,0.00426240613932162880,0.00398005011616863500,0.00357007507806790250,0.00384770768809388370,0.00423229127511172370,0.00431446469277761530,0.00453531646186478720,0.00460390425970090060,0.00461572583998931350,0.00431362995832458850,0.00433675466015425690
Armenia,Armenia,Europe,Eastern Europe,44,AM,ARM,51,0,0,0,0,0,0,0.00125519976593738830,0.00128385665172093750,0.00111563833278634720,0.00124241525940125760,0.00132423446201642620,0.00153714194738168840,0.00154723584789420930,0.00176486347278151630,0.00273953229062062340,0.00228005323181106080,0.00219914290534840560
Aruba,Netherlands,Latin America + Caribbean,Caribbean,48,AW,ABW,533,0,0,0,0,0,0,0.00274484360210438270,0.00262823770050597480,0.00269809473684210530,0.00263901257472686040,0.00259653635811221390,0.00261540922314082630,0.00278982445700684320,0.00312864058486465130,0.00333529701993289920,0.00358369157957010450,0.00382804610372353510
Australia,Australia,Asia + Pacific,Australia + New Zealand,52,AU,AUS,36,1,0,1,0,0,0,0.02063953186495944840,0.02069686411149825780,0.02214693678796424980,0.02093955325237682370,0.02081108885426713160,0.02119006661566125910,0.02082139981596503340,0.02152544207697340240,0.02079265053060507920,0.02135262806812148600,0.01989885960409739110
Austria,Austria,Europe,Western Europe,56,AT,AUT,40,1,0,1,0,0,0,0.00838113726986406920,0.00880717167902363390,0.00895399045947749570,0.00952958124957014710,0.00997644376528714200,0.01007608088752943460,0.00977055569448823840,0.00943813722258183280,0.00954729787236593050,0.00869381524204732370,0.00941039667123705060
Azerbaijan,Azerbaijan,Europe,Eastern Europe,60,AZ,AZE,31,0,0,0,0,0,0,0.00372930150509870970,0.00344262595129236660,0.00326286841301147250,0.00359813480490838300,0.00358166974399684350,0.00379079571198355790,0.00367187112305698440,0.00311434735214569470,0.00380879217181985810,0.00319323812883432170,0.00314584726082826080
Bahamas,Bahamas,Latin America + Caribbean,Caribbean,64,BS,BHS,44,0,0,0,0,1,0,0.01024456019801248660,0.00988046599122141180,0.01005575330054361890,0.01076015461631075340,0.01106594292803970220,0.01087396076429404900,0.01126756450747869610,0.01150855138137699170,0.01172159384509387380,0.01199275014810008740,0.01225945775011234460
Bahrain,Bahrain,West Asia,Arabian Peninsula,68,BH,BHR,48,0,0,0,0,1,1,0.02325320731055804880,0.02330232558139534880,0.02334848608949681930,0.02280846048234593170,0.02249174294036635750,0.02303219659501508750,0.02287386297912613700,0.02238843415508306290,0.02292588079280312530,0.02193203753126206420,0.02160637949357176530
Bangladesh,Bangladesh,Asia + Pacific,South Asia,76,BD,BGD,50,0,1,0,0,0,0,0.00024618795464674467,0.00032041341943145550,0.00028517145234515277,0.00029248343942637909,0.00029325450490317556,0.00029579068711356412,0.00029236413587447970,0.00031603405777805090,0.00033484760424410353,0.00035120164812746233,0.00035943093465674111
Barbados,Barbados,Latin America + Caribbean,Caribbean,80,BB,BRB,52,0,0,0,0,1,0,0.00420464837755904040,0.00393857622064852780,0.00409283170080142480,0.00400786442179884800,0.00412468772961058050,0.00420926424143174640,0.00419700276444056450,0.00433657883306790210,0.00435893095126607360,0.00442066592595247480,0.00451992895761708440
Belarus,Belarus,Europe,Eastern Europe,84,BY,BLR,112,0,0,0,0,0,0,0.00992813676556335450,0.00985739155679791780,0.01007462800179034130,0.01011627015640666350,0.01047048402313171100,0.01087513231126438350,0.01131257042356003310,0.01141207903294291200,0.01191255572531865460,0.01193099147786323010,0.01256507432776283390
Belgium,Belgium,Europe,Western Europe,88,BE,BEL,56,1,0,1,0,0,0,0.01200956332047836080,0.01195916821994408200,0.01133417158332527320,0.01196514203177660090,0.01160779618810458770,0.01110238768188349940,0.01082133041170414730,0.01041524241203959510,0.01080955386814696540,0.01014877006922963620,0.01059672982186760260
Belize,Belize,Latin America + Caribbean,Meso America,92,BZ,BLZ,84,0,0,0,0,1,0,0.00235238446514045250,0.00306730831973898860,0.00291758350875799340,0.00285104702922392100,0.00305381829157862960,0.00302652986172403650,0.00312087171583210870,0.00301235849056603770,0.00307129863051032230,0.00308199122981861670,0.00309121340267988790
Benin,Benin,Africa,Western Africa,96,BJ,BEN,204,0,1,0,1,0,0,0.00385293918729323670,0.00382895395203563530,0.00417823146866916440,0.00310102952379958460,0.00283953905185035590,0.00279946128011967210,0.00272986746284494780,0.00327222885125334630,0.00404100391272320410,0.00389391371724031950,0.00369555616311594360
Bermuda,United Kingdom of Great Britain and Northern Ireland,Latin America + Caribbean,Caribbean,100,BM,BMU,60,0,0,0,0,0,0,0.00766865063577191780,0.00749529467680608370,0.00772426250197191990,0.00793331762488218660,0.00863947739007979970,0.00848076773157459810,0.00868192415293751940,0.00770697566268795540,0.00797767125405906910,0.00813800339453788000,0.00829750119320718700
Bhutan,Bhutan,Asia + Pacific,South Asia,104,BT,BTN,64,0,1,0,0,0,0,0.00407555594932222910,0.00250398526399146140,0.00178686963205560940,0.00130592004932022450,0.00134524917572449480,0.00134526004086609050,0.00416204155836350800,0.00151432945228667740,0.00212213938973647710,0.00399243478014023330,0.00991406521335845870
Bolivia,Bolivia,Latin America + Caribbean,South America,108,BO,BOL,68,0,0,0,0,0,0,0.01646834061777907000,0.01568034402767540230,0.01875601440630530290,0.01404746034897119710,0.05451254461171077140,0.02457628296334146110,0.01203847689495030160,0.01141099120959524450,0.01073651884768306200,0.01050932564560045070,0.01097483409802492960
Bosnia and Herzegovina,Bosnia and Herzegovina,Europe,Central Europe,112,BA,BIH,70,0,0,0,0,0,0,0.00372886218299794490,0.00375524250196553550,0.00356634116554374770,0.00351472619090400380,0.00418787563807014660,0.00434915962812803650,0.00479714385986643130,0.00503064360620058060,0.00509390862944162440,0.00661869234062982520,0.00673181779179548250
Botswana,Botswana,Africa,Southern Africa,116,BW,BWA,72,0,0,0,1,0,0,0.00184922922672014040,0.00180475509574676870,0.00186943470906256560,0.00176807268361890210,0.00231655649848496290,0.00240072288771250820,0.00245625388989103030,0.00274833828497433670,0.00253591005936743690,0.00239916278545480630,0.00251483238039140020
Brazil,Brazil,Latin America + Caribbean,South America,124,BR,BRA,76,0,0,0,0,0,0,0.00542986733904472650,0.00598644952759820980,0.00611018205737092660,0.00688588358926675210,0.00802684636704526930,0.00979585477753542990,0.00483518662230112580,0.00460585167134217910,0.00446298092466860650,0.00419218981761425600,0.00491305261000973310
British Virgin Islands,United Kingdom of Great Britain and Northern Ireland,Latin America + Caribbean,Caribbean,132,VG,VGB,92,0,0,0,0,0,0,0.00260940754735261350,0.00251829222011385200,0.00255138475836431230,0.00283760691537761600,0.00302931172291296630,0.00299037075402477450,0.00299771512113617380,0.00335847703464947620,0.00341810264385692070,0.00354647701582516960,0.00368559673805238220
Brunei Darussalam,Brunei Darussalam,Asia + Pacific,South East Asia,136,BN,BRN,96,0,0,0,0,0,0,0.03841489326433615330,0.03859072277432101680,0.03711700008660258080,0.03730637636080870920,0.03390770509977827050,0.04776613243070565370,0.03903442754203362690,0.03687132969798657720,0.03584093603422503990,0.03738362068965517240,0.03741103280583370160
Bulgaria,Bulgaria,Europe,Central Europe,140,BG,BGR,100,0,0,0,0,0,0,0.00588713719500381850,0.00630580833954003610,0.00592888117512378520,0.00676884433052943580,0.00662118103393732640,0.00671506626093611310,0.00694919879047862680,0.00730995327337587300,0.00734666273998195680,0.00656634256399237190,0.00688994839745194660
Burkina Faso,Burkina Faso,Africa,Western Africa,144,BF,BFA,854,0,1,0,0,0,0,0.000082840048587599824260,0.000080126987050167000110,0.000072325721349338017630,0.000073594331350569945730,0.000072743530530983635480,0.000073835969572117211420,0.000071364895856695340140,0.000076133641491805466770,0.000076357633512281970300,0.000076989069228221265320,0.000077536469694922234450
Burundi,Burundi,Africa,Eastern Africa,148,BI,BDI,108,0,1,0,1,0,0,0.000070785207115663239090,0.000096810383397325488570,0.00017112051755324515,0.00019412086989320434,0.00019466978751845683,0.00021993490674213263,0.00026378724240231369,0.00026610800990837277,0.00026006808684319155,0.00027115985880544748,0.00028141344669789608
Cambodia,Cambodia,Asia + Pacific,South East Asia,152,KH,KHM,116,0,1,0,0,0,0,0.00032731184907018793,0.00059178920193063195,0.00151150732141030584,0.00135758133349826818,0.00234257836859476480,0.00256169327064178970,0.00443655477683511620,0.01347253642533442930,0.00888863383666296040,0.00687215254309186800,0.00974590842957486650
Cameroon,Cameroon,Africa,Central Africa,156,CM,CMR,120,0,0,0,1,0,0,0.00386795331403780830,0.00355644510226049520,0.00284132403765939700,0.00249045769393786320,0.00248840169731258840,0.00225005375543756930,0.00238878352022093390,0.00357501165061761360,0.00288456238836437870,0.00256042359940111120,0.00240055177630271090
Canada,Canada,North America,North America,160,CA,CAN,124,1,0,1,0,0,0,0.01874051222579110930,0.01797187834819987870,0.01924203581406350890,0.02204278985553121720,0.02174029660870900320,0.01904654126270032960,0.01731633497899481770,0.01824806431858557320,0.01707937392680229790,0.01614385262172395610,0.01643356131066453340
Cape Verde,Cape Verde,Africa,Western Africa,164,CV,CPV,132,0,0,0,0,1,0,0.00036534019248416684,0.00027672855526718573,0.00028073136733893801,0.00028153724247226624,0.00030497276067401495,0.00034810331535920744,0.00029699547661534631,0.00031651402699964855,0.00032446714123594346,0.00031733132939408289,0.00030969788823238673
Cayman Islands,United Kingdom of Great Britain and Northern Ireland,Latin America + Caribbean,Caribbean,168,KY,CYM,136,0,0,0,0,0,0,0.00665942185438407100,0.00640323176361957530,0.00630096110862762630,0.00609963067564631760,0.00665860465116279070,0.00647387039055590980,0.00636226264241455130,0.00670493491354186900,0.00684607824607824610,0.00696592961120324300,0.00709535390657370880
Central African Republic,Central African Republic,Africa,Central Africa,172,CF,CAF,140,0,1,0,1,0,0,0.03656440335099716350,0.04601476761922760220,0.03844926670648350920,0.03539236063964236850,0.03249006700756885030,0.03265949657906031460,0.07459810024552962480,0.11203462465606661960,0.08312111270671499670,0.07013348959859361270,0.07566277080957810720
Chad,Chad,Africa,Central Africa,176,TD,TCD,148,0,1,0,1,0,0,0.000018373719303951862090,0.000017458925497510706510,0.000017700860271697641510,0.000017447104195686284200,0.000018289977672058619640,0.000018022048250519252280,0.000018039452340491271440,0.000018822654847396768400,0.000019413268543868873860,0.000019818226587989060180,0.000020184543717152412800
Chile,Chile,Latin America + Caribbean,South America,180,CL,CHL,152,0,0,1,0,0,0,0.00415961150222590330,0.00396396258144546110,0.00401222541799677610,0.00413222928662077930,0.00448300367387835380,0.00449709567442173620,0.00454967433124299430,0.00500889680782775110,0.00481882456390512860,0.00450723000052967040,0.00469849219861464190
China,China,Asia + Pacific,North East Asia,184,CN,CHN,156,0,0,0,0,0,0,0.00279761486375670670,0.00283856540543058800,0.00302708211098415840,0.00347257082767249250,0.00404827496737662260,0.00445978546177305070,0.00492462391132224860,0.00527174483265134820,0.00581589746263210030,0.00612899167437557820,0.00644681649041784940
Christmas Island,Australia,Asia + Pacific,South East Asia,188,CX,CXR,0,0,0,0,0,0,0,NULL,NULL,NULL,NULL,NULL,NULL,NULL,NULL,NULL,NULL,NULL
Cocos (Keeling) Islands,Australia,Asia + Pacific,South Pacific,192,CC,CCK,0,0,0,0,0,0,0,NULL,NULL,NULL,NULL,NULL,NULL,NULL,NULL,NULL,NULL,NULL
Colombia,Colombia,Latin America + Caribbean,South America,196,CO,COL,170,0,0,0,0,0,0,0.00259118251541430650,0.00229599394456416150,0.00223692568231500640,0.00205316427883960920,0.00218147038629031500,0.00194648944053353090,0.00204505786767758330,0.00216334519892850080,0.00229127632715434190,0.00227048246169431430,0.00204198532451426210
Comoros,Comoros,Africa,Western Indian Ocean,200,KM,COM,174,0,1,0,1,1,1,0.00017154919820106301,0.00025704638547547880,0.00020676762045213388,0.00013319742677347543,0.00014824288081449974,0.00013720904295252633,0.00012141809806497656,0.00028692828017827228,0.00029409662862511359,0.00034098483711154481,0.00038546819484072899
Congo,Congo,Africa,Central Africa,204,CG,COG,178,0,0,0,1,0,0,0.01513034994562088160,0.01857348298623675770,0.01085299599235013950,0.01143145964524204530,0.01301463957760077940,0.01177666693951513890,0.00831036704920954850,0.01286762475857041760,0.00795950955379507640,0.00749391136753313390,0.00764144358429947640
Cook Islands,New Zealand,Asia + Pacific,South Pacific,208,CK,COK,184,0,0,0,0,1,0,0.00554824413777628180,0.00533710555555555560,0.00431917531403604590,0.00368396468699839490,0.00406692186680650240,0.00412228465384813650,0.00361219735503560530,0.00234701913393756290,0.00245694305694305690,0.00193190570719602980,0.00141332577400907120
Costa Rica,Costa Rica,Latin America + Caribbean,Meso America,212,CR,CRI,188,0,0,0,0,0,0,0.00133571695774877280,0.00137258097067639390,0.00140196734606139960,0.00142832791915898490,0.00147335352326945090,0.00142763527949390410,0.00154064323424754520,0.00166225356972416840,0.00156857376712827430,0.00147548582828778940,0.00151904730292589020
Croatia,Croatia,Europe,Central Europe,220,HR,HRV,191,0,0,0,0,0,0,0.00427268055058991780,0.00455258737201441940,0.00481410270893111320,0.00513067369093954940,0.00507965297712803800,0.00513320087676526480,0.00518483076782533230,0.00582275583955471540,0.00576388777398839030,0.00545654757662766990,0.00532658833618024770
Cuba,Cuba,Latin America + Caribbean,Caribbean,224,CU,CUB,192,0,0,0,0,1,0,0.00275465955613014440,0.00267643505883405660,0.00302073652571775140,0.00299622084493015230,0.00280945411322227540,0.00270752118737878690,0.00265993575846599000,0.00269439110930214040,0.00313795545483516870,0.00398913081992771600,0.00384949210232409720
Cyprus,Cyprus,Europe,Central Europe,228,CY,CYP,196,1,0,0,0,0,0,0.00738576912434921720,0.00710998668719058120,0.00716427521737355590,0.00779625102691005270,0.00752595932350219530,0.00756576182221404430,0.00729899552613253710,0.00747829931332894370,0.00745291479820627800,0.00727052404749896840,0.00701783109387599780
Czech Republic,Czech Republic,Europe,Central Europe,232,CZ,CZE,203,1,0,1,0,0,0,0.01361634667915398420,0.01322839494106378400,0.01281209308700717640,0.01335992473392265630,0.01297475484673635130,0.01252885921784433130,0.01251058404461357290,0.01262463967188376640,0.01201194798209723580,0.01122425236496795850,0.01172138681220804080
Côte d'Ivoire,Côte d'Ivoire,Africa,Western Africa,216,CI,CIV,384,0,0,0,0,0,0,0.00897832164797629450,0.00825720758577849230,0.00810794602698650670,0.00618138594187985670,0.00599837846981212410,0.00692439921812119120,0.00702277153727692730,0.00739407546896501770,0.00775969331872946330,0.00671146640288581980,0.00733282042093947280
Democratic People's Republic of Korea,Democratic People's Republic of Korea,Asia + Pacific,North East Asia,236,KP,PRK,408,0,0,0,0,0,0,0.00332396388823215210,0.00342266766189017250,0.00325389601730894140,0.00329239377036316800,0.00333346165072569830,0.00344750202617864810,0.00348246759477511380,0.00290499336429993360,0.00313756450076101620,0.00298611105412380650,0.00286545580702434640
Democratic Republic of the Congo,Democratic Republic of the Congo,Africa,Central Africa,240,CD,COD,180,0,1,0,1,0,0,0.01948073662597019760,0.01780362073618867690,0.01859607811458690950,0.01592712120112296290,0.01716407588121316970,0.01548062115939883020,0.02083132460766889490,0.03341948209324000360,0.01595649365001105090,0.01560609592585428440,0.01563787159598142500
Denmark,Denmark,Europe,Western Europe,244,DK,DNK,208,1,0,1,0,0,0,0.01038291359763819060,0.01064164431861474450,0.01053315428041400710,0.01150269838468469310,0.01040881272042915150,0.00970777213166497160,0.01111823000521970550,0.01018853051183802620,0.00959269300049125740,0.00922314157297675960,0.00927381930332771270
Djibouti,Djibouti,Africa,Eastern Africa,248,DJ,DJI,262,0,1,0,1,0,1,0.00168385930304459760,0.00207021656467637960,0.00167779374823690610,0.00177651670661775420,0.00175432891953302520,0.00178884474976982560,0.00174416537572694720,0.00205511525122387910,0.00211141834341439330,0.00221148113448598930,0.00230762221295004050
Dominica,Dominica,Latin America + Caribbean,Caribbean,252,DM,DMA,212,0,0,0,0,1,0,0.00122782760946626670,0.00144542061441286250,0.00154993553932101420,0.00159120753639737370,0.00174972273567467650,0.00172114484987666920,0.00192996180506436550,0.00196687853107344630,0.00205321670428893910,0.00210167605633802820,0.00216177441791841720
Dominican Republic,Dominican Republic,Latin America + Caribbean,Caribbean,256,DO,DOM,214,0,0,0,0,1,0,0.00222804619884525970,0.00214260225245189960,0.00227383422530513940,0.00214658947099209380,0.00212156756692178780,0.00204658709500650730,0.00216731879142592200,0.00221321662691978480,0.00219840844127140090,0.00223263046500193240,0.00228080824215318270
Ecuador,Ecuador,Latin America + Caribbean,South America,260,EC,ECU,218,0,0,0,0,0,0,0.00173226895181559230,0.00176173821874828850,0.00204218726016884110,0.00193449449539902710,0.00196544485590320120,0.00205925775380885670,0.00208656184262131420,0.00209470578340949230,0.00195885587497588270,0.00210671301943563470,0.00218813953643399480
Egypt,Egypt,Africa,Northern Africa,264,EG,EGY,818,0,0,0,0,0,1,0.00191539934015356100,0.00191925504655959000,0.00207307449610485060,0.00212327080257804340,0.00220357182825645650,0.00237742362878721390,0.00247198277043134200,0.00254033431407416990,0.00250483826741676920,0.00248532725496580920,0.00251914488118582350
El Salvador,El Salvador,Latin America + Caribbean,Meso America,268,SV,SLV,222,0,0,0,0,0,0,0.00098686813933701305,0.00101887791756470020,0.00101656705462933840,0.00107029921865800240,0.00107365089334413170,0.00108796648519400450,0.00108694225883225160,0.00118030034542173300,0.00115839480605613330,0.00117094257602515090,0.00111641972985708060
Equatorial Guinea,Equatorial Guinea,Africa,Central Africa,272,GQ,GNQ,226,0,1,0,1,0,0,0.00450961926284160490,0.00573974447707588990,0.00450284729778745010,0.00473435933515082230,0.00523297723471790850,0.00516451640691263780,0.00493123310593383960,0.00494188737062630940,0.00453814473724202910,0.00434719657235724310,0.00416367049860162860
Eritrea,Eritrea,Africa,Eastern Africa,276,ER,ERI,232,0,1,0,1,0,0,0.00017135263431784431,0.00017916939933343248,0.00017671303584190883,0.00016524405649598773,0.00015647430511497111,0.00013266619558432408,0.00011137528202357876,0.00010541224795339597,0.00013218336132705085,0.00013147777303976869,0.00013451096990852023
Estonia,Estonia,Europe,Central Europe,280,EE,EST,233,0,0,1,0,0,0,0.01908492665358826460,0.01927573624267443150,0.02280981249118849570,0.02025338758445630670,0.02053005788592493600,0.02049724173842171590,0.02004928386749463560,0.02287912941499002390,0.02155952990832141790,0.01923466568428808250,0.02211392882721230930
Ethiopia,Ethiopia,Africa,Eastern Africa,284,ET,ETH,231,0,1,0,1,0,0,0.000062778647829129319250,0.000073953491109806362560,0.000073758475902916868600,0.000076790013015750864360,0.000079332515145255386740,0.000080781885115902908340,0.000085253146610193305450,0.000092530895429801083280,0.000085543540882969504200,0.000083833777316768429240,0.000082518459664298762390
Falkland Islands (Malvinas),United Kingdom of Great Britain and Northern Ireland,Latin America + Caribbean,South America,288,FK,FLK,238,0,0,0,0,0,0,0.36553974314474140920,0.36012671232876712330,0.35889455782312925170,0.35704406779661016950,0.35901016949152542370,0.35825498816367940480,0.35722895622895622900,0.35648322147651006710,0.35588294314381270900,0.35403986710963455150,0.35374212794166390450
Faroe Islands,Denmark,Europe,Western Europe,292,FO,FRO,234,0,0,0,0,0,0,0.00026157320771762277,0.00025874177806068322,0.00025603769633507853,0.00025367418753881184,0.00025195776957769578,0.00025076184470167016,0.00024966808338393038,0.00024919475277497477,0.00024917741935483871,0.00024939516129032258,0.00024971057461527601
Fiji,Fiji,Asia + Pacific,South Pacific,296,FJ,FJI,242,0,0,0,0,1,0,0.00073615500334505025,0.00078488155149134651,0.00098962682544349701,0.00099796872323242211,0.00098982417582417582,0.00101507628111914640,0.00111433350240320750,0.00125538969822478120,0.00129399774841500270,0.00138546358858858860,0.00148351246108634040
Finland,Finland,Europe,Western Europe,300,FI,FIN,246,1,0,1,0,0,0,0.02105195036009025440,0.02199069835573296220,0.02261752297000534590,0.02451023457716071290,0.02325479980261421410,0.02088224810678621600,0.02298066372806967590,0.02238476567666743510,0.02094936351841753940,0.02058990293660283720,0.02218701154500353040
France,France,Europe,Western Europe,304,FR,FRA,250,1,0,1,0,0,0,0.00693549231504515050,0.00701892763004461360,0.00686617472442741350,0.00692964862310747490,0.00683129379943444940,0.00673979982097811050,0.00653494531507699870,0.00638471714763811490,0.00638958252734498650,0.00615119187511826520,0.00622948590008998760
French Guiana,France,Latin America + Caribbean,South America,308,GF,GUF,254,0,0,0,0,0,0,0.00645481929536404570,0.00587882489819662590,0.00571610098645711420,0.00524131154544483610,0.00564415824311149880,0.00537819909905450230,0.00548676132003069840,0.00541700480388041600,0.00542194744976816070,0.00502297219388886430,0.00509025864194593570
Gabon,Gabon,Africa,Central Africa,320,GA,GAB,266,0,0,0,1,0,0,0.00669649865772359710,0.01013534613239862980,0.00774043039865558770,0.00811220379687191260,0.00855166168075835290,0.00911400113087729980,0.00631779801968985990,0.00584811971894237210,0.01914495157940168870,0.00669659548697964660,0.01079699528344321500
Gambia,Gambia,Africa,Western Africa,324,GM,GMB,270,0,1,0,0,0,0,0.00021961248636948066,0.00022812369245829682,0.00021580276580927089,0.00021277742760743020,0.00020649170576106557,0.00020831018760224148,0.00020412326623131308,0.00020445465898614498,0.00020321740452984195,0.00020131914292557405,0.00019930264661081493
Georgia,Georgia,Europe,Eastern Europe,328,GE,GEO,268,0,0,0,0,0,0,0.00109084680590017270,0.00084652168063063159,0.00310032368061205060,0.00078240677862140576,0.00088425523998511720,0.00107906267945684210,0.00119030011043560210,0.00138974216462422730,0.00124608271954674220,0.00145486231819844630,0.00135269227351338790
Germany,Germany,Europe,Western Europe,332,DE,DEU,276,1,0,1,0,0,0,0.01078557102230205060,0.01099427518589195240,0.01079635347707838420,0.01091590134684354060,0.01089779460171165240,0.01048390906054678180,0.01064833777762917020,0.01040661028873350660,0.01066324456251236810,0.01015586154830085070,0.01027326801369351490
Ghana,Ghana,Africa,Western Africa,336,GH,GHA,288,0,0,0,0,0,0,0.00078880743691899070,0.00094011423595633740,0.00077721453733138586,0.00080724274321854820,0.00062932495020517866,0.00077760942760942761,0.00092067997703642278,0.00149756500352930210,0.00203921229246087210,0.00175392440326699450,0.00199536741279896470
Gibraltar,United Kingdom of Great Britain and Northern Ireland,Europe,Western Europe,340,GI,GIB,292,0,0,0,0,0,0,0.01250436912727139780,0.01260021723388848660,0.01266045016077170420,0.01301010207673354450,0.01294875000000000000,0.01315388583218707020,0.01361484268125854990,0.01400822525597269620,0.01371460750853242320,0.01422131875640587630,0.01517273442040132640
Greece,Greece,Europe,Western Europe,348,GR,GRC,300,1,0,1,0,0,0,0.00876409178203132820,0.00894874192991855010,0.00894319088732496550,0.00925995086885974060,0.00920708997489873410,0.00939365671641791040,0.00925292920153811350,0.00958073173155987670,0.00921646470752767730,0.00885052531041069720,0.00833742574257425740
Greenland,Denmark,Polar,Arctic,352,GL,GRL,0,0,0,0,0,0,0,0.000038232456296507280950,0.000038605963791267305640,0.000038963028480452856890,0.000039310417768376520360,0.000039753691983122362870,0.000040257756395624462280,0.000040586788475052705550,0.000040991552270327349520,0.000041434092112228692430,0.000041832950327028460310,0.000042176634952074417290
Grenada,Grenada,Latin America + Caribbean,Caribbean,356,GD,GRD,308,0,0,0,0,1,0,0.00420645542216099190,0.00385894943544428080,0.00416774730656219390,0.00409265409788023840,0.00433206701733878820,0.00490482851065069790,0.00550980050358318810,0.00545923351674872090,0.00560256903685172710,0.00582979865771812080,0.00605500730819568770
Guadeloupe,France,Latin America + Caribbean,Caribbean,360,GP,GLP,312,0,0,0,0,0,0,0.00373816508240957510,0.00357832980234209480,0.00397064999192413300,0.00395174354750137290,0.00435385453554889680,0.00435422134609969020,0.00417602326101543280,0.00437627171353680750,0.00449825653248587570,0.00454800289530828450,0.00462188978781865360
Guam,United States of America,Asia + Pacific,South Pacific,364,GU,GUM,316,0,0,0,0,0,0,0.000088580294602389781620,0.000088991816903209308270,0.000089661027728313406260,0.000090524648333544544420,0.000091499462671471015870,0.000092512673531101445070,0.000093655242062740642560,0.000094862628686919724630,0.000096029309582464784280,0.000096994073887277770770,0.000097641118916206723530
Guatemala,Guatemala,Latin America + Caribbean,Meso America,368,GT,GTM,320,0,0,0,0,0,0,0.01055086485425108440,0.00260276156459621920,0.00332887121038272270,0.00511319096727128030,0.00272848849431588480,0.00393261245060691380,0.00259384859257891250,0.00260132603488537980,0.00249313101265359060,0.00253664307670312390,0.00235157165169855530
Guernsey,United Kingdom of Great Britain and Northern Ireland,Europe,Western Europe,372,GG,GGY,831,0,0,0,0,0,0,NULL,NULL,NULL,NULL,NULL,NULL,NULL,NULL,NULL,NULL,NULL
Guinea,Guinea,Africa,Western Africa,376,GN,GIN,324,0,1,0,0,0,0,0.00497158171671356360,0.00610300887542367640,0.00591292043224718790,0.00457222382770316520,0.00457403391608615270,0.00507995234082367670,0.01140202633748887640,0.01257688862346969240,0.01963275713302374280,0.04447565914304324430,0.01661300110334681870
Guinea-Bissau,Guinea-Bissau,Africa,Western Africa,380,GW,GNB,624,0,1,0,0,1,0,0.00021521624741814641,0.00020481428845784521,0.00019410301686891836,0.00020480537425765861,0.00019443985073231760,0.00020046851257808543,0.00019469731389313397,0.00020219558861177358,0.00020484534451388340,0.00020589331424776422,0.00020667204497611274
Guyana,Guyana,Latin America + Caribbean,South America,384,GY,GUY,328,0,0,0,0,1,0,0.01543337483931543340,0.01688601770858411580,0.01697480782809107020,0.01622497047544485870,0.01618239226358760270,0.01602688628531322210,0.01387459660033709190,0.01457937981075012010,0.01562636965993760800,0.18920555662249535880,0.01846904949079409660
Haiti,Haiti,Latin America + Caribbean,Caribbean,388,HT,HTI,332,0,1,0,0,1,0,0.00018797117820342891,0.00019883604254465182,0.00022351924005941551,0.00021020583066462285,0.00023520443201645577,0.00024125137135995715,0.00024279874401404250,0.00027076818612297411,0.00024469898581173968,0.00024031581696133700,0.00020232912978456813
Holy See,Holy See,Europe,Western Europe,396,VA,VAT,336,0,0,0,0,0,0,NULL,NULL,NULL,NULL,NULL,NULL,NULL,NULL,NULL,NULL,NULL
Honduras,Honduras,Latin America + Caribbean,Meso America,400,HN,HND,340,0,0,0,0,0,0,0.00132040265830174030,0.00131589432273795610,0.00130915052803349860,0.00133435020526027550,0.00136597791030738950,0.00132825711026362440,0.00126685736128103580,0.00155503145530226620,0.00149995151842914250,0.00139442076403242910,0.00137135884112738150
Hungary,Hungary,Europe,Central Europe,408,HU,HUN,348,0,0,1,0,0,0,0.00578933109026711400,0.00589436156961975660,0.00584548512086226230,0.00609257360336021770,0.00590999120370827940,0.00592993264659271000,0.00594300883199364890,0.00578789957061068700,0.00580397368132907300,0.00529848172184506190,0.00538082399696443190
Iceland,Iceland,Europe,Western Europe,412,IS,ISL,352,1,0,1,0,0,0,0.07276949227278869470,0.07240758994578610150,0.07217300386853936500,0.07132687200358707270,0.07081181567008902680,0.06979595275404808840,0.06932023013735075990,0.06915201993704092340,0.06959371666828274990,0.06943435309114085400,0.06910125077819910580
India,India,Asia + Pacific,South Asia,416,IN,IND,356,0,0,0,0,0,0,0.00105445858039260840,0.00107014629542236900,0.00107021389232012330,0.00107953080573053330,0.00114607925231625290,0.00116946430789431660,0.00123054518101269140,0.00129635061685790700,0.00135149745458260260,0.00144097333086863730,0.00150338415089331630
Indonesia,Indonesia,Asia + Pacific,South East Asia,420,ID,IDN,360,0,0,0,0,0,0,0.00566581633874001500,0.00641303014577534560,0.00940024553799793520,0.00712802435066423400,0.00851066906468318160,0.01074848205416048570,0.01524768345702867680,0.00745061111038952600,0.00725934179463207010,0.00918652389393945770,0.00678975053599029400
Iran (Islamic Republic of),Iran (Islamic Republic of),Asia + Pacific,South Asia,424,IR,IRN,364,0,0,0,0,0,0,0.00519111348467860500,0.00528683350883070880,0.00549416557281923240,0.00576535673852402570,0.00613477238214591140,0.00636373096287511190,0.00682316425413446120,0.00711928276599655750,0.00514410088507023720,0.00520507730171464310,0.00517926521206033120
Iraq,Iraq,West Asia,Mashriq,428,IQ,IRQ,368,0,0,0,0,0,1,0.00418879720350234440,0.00440657018860536450,0.00411909676959224670,0.00339752306477397480,0.00387054567267137800,0.00376535047667750300,0.00381676234049907180,0.00374859954211115980,0.00387831381796682270,0.00450558959261616800,0.00523040849546546780
Ireland,Ireland,Europe,Western Europe,432,IE,IRL,372,1,0,1,0,0,0,0.01383835383070346550,0.01422772282350019660,0.01374119637793835180,0.01324184359143779690,0.01309484824232278210,0.01324403559403559400,0.01334237240008518490,0.01286253012441324400,0.01273518611288565740,0.01152180517955206080,0.01135252800186231410
Isle of Man,United Kingdom of Great Britain and Northern Ireland,Europe,Western Europe,436,,IMY,833,0,0,0,0,0,0,NULL,NULL,NULL,NULL,NULL,NULL,NULL,NULL,NULL,NULL,NULL
Israel,Israel,Europe,Western Europe,440,IL,ISR,376,1,0,1,0,0,0,0.00985252032439209740,0.00968174054055817760,0.01007304101965712230,0.01020649636623099240,0.00981788245843221220,0.00969492767668936110,0.00973853192005634170,0.00995896145349181180,0.00945318798958185290,0.00916527812147708210,0.00956370100143254310
Italy,Italy,Europe,Western Europe,444,IT,ITA,380,1,0,1,0,0,0,0.00807949657899031520,0.00800030419474057780,0.00812449783831350190,0.00834359231354116260,0.00827321078275733650,0.00826421165839183660,0.00827525504288376610,0.00793652234578174510,0.00762283335949948060,0.00679269282949437320,0.00690536944917285030
Jamaica,Jamaica,Latin America + Caribbean,Caribbean,448,JM,JAM,388,0,0,0,0,1,0,0.00402181069002641140,0.00399800380045682260,0.00400156849607114580,0.00416441264468554500,0.00429432640076828430,0.00422131498984024010,0.00463194905479131970,0.00493875893137381610,0.00436131319744304600,0.00368536740839518470,0.00353342890180157510
Japan,Japan,Asia + Pacific,North East Asia,452,JP,JPN,392,1,0,1,0,0,0,0.01020276021158970690,0.01004381856573578670,0.01033782445801550900,0.01035139578261831750,0.01033256292743723030,0.01039187582198631270,0.01024304681600805440,0.01048566196983866280,0.00987103260314642750,0.00929887792199634090,0.00974770912345998920
Jersey,United Kingdom of Great Britain and Northern Ireland,Europe,Western Europe,460,JE,JEY,832,0,0,0,0,0,0,NULL,NULL,NULL,NULL,NULL,NULL,NULL,NULL,NULL,NULL,NULL
Johnston Atoll,United States of America,Asia + Pacific,South Pacific,464,,,0,0,0,0,0,0,0,NULL,NULL,NULL,NULL,NULL,NULL,NULL,NULL,NULL,NULL,NULL
Jordan,Jordan,West Asia,Mashriq,468,JO,JOR,400,0,0,0,0,0,1,0.00326914848095849380,0.00324191176622662150,0.00340601716918520810,0.00330624399268788460,0.00363158091116003130,0.00376915765485492670,0.00370154174878888910,0.00371351129624849270,0.00362246244417377180,0.00362086677419511400,0.00338595254510384150
Kazakhstan,Kazakhstan,Europe,Central Asia,476,KZ,KAZ,398,0,0,0,0,0,0,0.00960818079530173710,0.00983646191781198270,0.01048402538432080530,0.01139058028994155060,0.01231961080355645030,0.01274068812607457470,0.01402838341914468850,0.01419732398025461160,0.01462651670381480320,0.01250795566424238570,0.01457625415329342820
Kenya,Kenya,Africa,Eastern Africa,480,KE,KEN,404,0,0,0,1,0,0,0.00040866418838360753,0.00039250396092920753,0.00036144906895350070,0.00033748414688099100,0.00035613441807857705,0.00039055544533151510,0.00041302863361218799,0.00041387677042193456,0.00040506224644278408,0.00041735907615123278,0.00042486042259442864
Kiribati,Kiribati,Asia + Pacific,South Pacific,484,KI,KIR,296,0,1,0,0,1,0,0.00036788181862105619,0.00037104676002848327,0.00036921678321678322,0.00035763534393956736,0.00036527209354621093,0.00033869766105142150,0.00032898531810766721,0.00039206102783725910,0.00039328904355161869,0.00041044666043419549,0.00042695435990301096
Kuwait,Kuwait,West Asia,Arabian Peninsula,488,KW,KWT,414,0,0,0,0,0,1,0.02798256243999937050,0.02647071594466323340,0.02535706439218251860,0.02916365440498972290,0.03131306141217498990,0.03347440023341796190,0.02988127986101056900,0.02809262129538302570,0.02761063125874281150,0.02807115539805620860,0.02874220311674767180
Kyrgyzstan,Kyrgyzstan,Europe,Central Asia,492,KG,KGZ,417,0,0,0,0,0,0,0.00108209935719547510,0.00090841913651526815,0.00113119704840118400,0.00125404784956432340,0.00132036275902464680,0.00121194951590320440,0.00117562116018120210,0.00129554174863175120,0.00134951618830655320,0.00156647775401597650,0.00148266475698415140
Lao People's Democratic Republic,Lao People's Democratic Republic,Asia + Pacific,South East Asia,496,LA,LAO,418,0,1,0,0,0,0,0.00258011833089594450,0.00396110175734940600,0.00384468481075661290,0.00400098236896853040,0.00982588509433929160,0.00587885643235215390,0.00405690026849029750,0.00340320091530745280,0.00323308025730030150,0.00344483142069920560,0.01190995213979370550
Latvia,Latvia,Europe,Central Europe,500,LV,LVA,428,0,0,0,0,0,0,0.00499076526051242260,0.00518575369567349310,0.00525245332850003880,0.00539829004537149550,0.00545899497264855050,0.00554018746969778590,0.00578999344668147230,0.00598857490909762080,0.00588277384415365760,0.00559682626849844250,0.00611823852438627710
Lebanon,Lebanon,West Asia,Mashriq,504,LB,LBN,422,0,0,0,0,0,1,0.00473700152686855950,0.00494350131045985230,0.00467433723973148250,0.00506228811607242060,0.00443904109944519120,0.00445490937730444510,0.00372817918437578130,0.00323667028196946240,0.00395118117384002730,0.00405211306075932680,0.00387140096150966690
Lesotho,Lesotho,Africa,Southern Africa,508,LS,LSO,426,0,1,0,1,0,0,0.00012509185333635022,0.00012385519636655090,0.00011511702528255255,0.00011984769007141503,0.00011464210625411868,0.00011913710380924687,0.00011682118727485428,0.00012217836361963002,0.00012479616671737146,0.00012648263454396518,0.00012805139079704518
Liberia,Liberia,Africa,Western Africa,512,LR,LBR,430,0,1,0,0,0,0,0.00019951417200040111,0.00020059691140034081,0.00022175193036047508,0.00020207091690085845,0.00020291932526125402,0.00020599977368577187,0.00020067596512634462,0.00022059342075751855,0.00021487321351263781,0.00022356520055267124,0.00022336716363608801
Libyan Arab Jamahiriya,Libyan Arab Jamahiriya,Africa,Northern Africa,516,LY,LBY,434,0,0,0,0,0,1,0.00937440472625618460,0.00922482448066815250,0.00927115809894033960,0.00971936023427832720,0.00950744506991102230,0.00928868789603982520,0.00918315020891658810,0.00897846979735771200,0.00927850313350269960,0.00953889127343938620,0.00975437911071895060
Liechtenstein,Liechtenstein,Europe,Western Europe,520,LI,LIE,438,1,0,0,0,0,0,NULL,NULL,NULL,NULL,NULL,NULL,NULL,NULL,NULL,NULL,NULL
Lithuania,Lithuania,Europe,Central Europe,524,LT,LTU,440,0,0,0,0,0,0,0.00498878074575883610,0.00527423576244648460,0.00536772636003074740,0.00542406043079436780,0.00561495352897763750,0.00590909644089351890,0.00612695364361094470,0.00651733963618581290,0.00691598983237415340,0.00660941272804056780,0.00713191633588184300
Luxembourg,Luxembourg,Europe,Western Europe,528,LU,LUX,442,1,0,1,0,0,0,0.02014361022767139560,0.02069759621938474120,0.02255456349206349210,0.02347561521252796420,0.02569128557191894590,0.02585710947106784580,0.02542266360652924650,0.02387054105691910390,0.02247747840183866530,0.02096824058459808880,0.02201541687586756840
Madagascar,Madagascar,Africa,Western Indian Ocean,536,MG,MDG,450,0,1,0,1,0,0,0.00161837559067120570,0.00176400916493181730,0.00114487930210325048,0.00152957037569656660,0.00130558339056712120,0.00178468486200411140,0.00089228783444260893,0.00082167673326106035,0.00074632655519200273,0.00073360265811853218,0.00072069071847055196
Malawi,Malawi,Africa,Southern Africa,540,MW,MWI,454,0,1,0,1,0,0,0.00016552576955350439,0.00016156049969027462,0.00016438944226447999,0.00016100647944634643,0.00015847355817043384,0.00015659473720860059,0.00015219462708998685,0.00015138109058029139,0.00014770692167319744,0.00014359342084496991,0.00014095792509507983
Malaysia,Malaysia,Asia + Pacific,South East Asia,544,MY,MYS,458,0,0,0,0,0,0,0.00902812884273807900,0.00871924332412426800,0.00993966527128099680,0.00940033827895559390,0.01025404985590437250,0.01096314353705960880,0.00984787538316031770,0.01016461672720763190,0.01038143306607868200,0.01080661237913948390,0.00991490956931368870
Maldives,Maldives,Asia + Pacific,South Asia,548,MV,MDV,462,0,0,0,0,1,0,0.00096131551449155805,0.00102924915412857250,0.00129377873664851100,0.00140070238881741370,0.00140996888995248030,0.00144725717127725350,0.00167457895779671090,0.00178631910199844280,0.00183102854957940350,0.00194783207157604960,0.00205910455826634820
Mali,Mali,Africa,Western Africa,552,ML,MLI,466,0,0,0,1,0,0,0.00119663567432703741,0.00132424167834286363,0.00108348112141288467,0.00108627681667067747,0.00103432156157920659,0.00122995821225494712,0.00127111273376333617,0.00190654271704281130,0.00207621229535023560,0.00161781212894470950,0.00156447161447161450
Malta,Malta,Europe,Western Europe,556,MT,MLT,470,1,0,0,0,0,0,0.00541080512061718310,0.00655191630817364100,0.00529518380472118690,0.00621850943442045700,0.00631050173052254520,0.00659276619240163280,0.00626244658889048920,0.00660092203325052550,0.00397426330798479090,0.00361172464350746090,0.00376297858915378420
Marshall Islands,Marshall Islands,Asia + Pacific,South Pacific,560,MH,MHL,584,0,0,0,0,1,0,0.00000000000000000000,0.00000000000000000000,0.00000000000000000000,0.00000000000000000000,0.00000000000000000000,0.00000000000000000000,0.00000000000000000000,0.00000000000000000000,0.00000000000000000000,0.00000000000000000000,0.00000000000000000000
Martinique,France,Latin America + Caribbean,Caribbean,564,MQ,MTQ,474,0,0,0,0,0,0,0.00393706237298896480,0.00395888429752066120,0.00407335402292954420,0.00402852263458401310,0.00455303721732075850,0.00456891112199209500,0.00477931485487197550,0.00496766019368759090,0.00515530625532128010,0.00535033996600339970,0.00557059454604426040
Mauritania,Mauritania,Africa,Western Africa,568,MR,MRT,478,0,1,0,0,0,1,0.00109431370449283440,0.00107736977860571760,0.00096899663936220864,0.00101856241591276170,0.00102421590414442480,0.00102905446639713170,0.00097260409363408088,0.00094778140803113476,0.00094882993952496421,0.00092462913244294783,0.00090513157238559104
Mauritius,Mauritius,Africa,Western Indian Ocean,572,MU,MUS,480,0,0,0,1,1,0,0.00165939888958266530,0.00197460426587967000,0.00169664795616237270,0.00174602212330587300,0.00188757704877342490,0.00198233766233766230,0.00201247821655213230,0.00207164051869702780,0.00218346494024555720,0.00224978807342440740,0.00231513984366112490
Mayotte,France,Africa,Western Indian Ocean,576,YT,MYT,0,0,0,0,0,0,0,0.00000000000000000000,0.00000000000000000000,0.00000000000000000000,0.00000000000000000000,0.00000000000000000000,0.00000000000000000000,0.00000000000000000000,0.00000000000000000000,0.00000000000000000000,0.00000000000000000000,0.00000000000000000000
Mexico,Mexico,Latin America + Caribbean,Meso America,580,MX,MEX,484,0,0,1,0,0,0,0.00402066927238770050,0.00396903360546800840,0.00407442562122858960,0.00409298882061153480,0.00399101314658718980,0.00423660730412166310,0.00421352694060668770,0.00425083237910684400,0.00418136350984621810,0.00407781967480652450,0.00416727177103303190
Micronesia (Federated States of),Micronesia (Federated States of),Asia + Pacific,South Pacific,584,FM,FSM,583,0,0,0,0,1,0,0.00018616773713115517,0.00018661938975459550,0.00018695083193120209,0.00018723085564501030,0.00018765246762994933,0.00018832746379404509,0.00018923266155738480,0.00019029495718363463,0.00019138755980861244,0.00019234468166955184,0.00019301479458400486
Midway Islands,United States of America,Asia + Pacific,South Pacific,588,,,0,0,0,0,0,0,0,NULL,NULL,NULL,NULL,NULL,NULL,NULL,NULL,NULL,NULL,NULL
Moldova,Moldova,Europe,Eastern Europe,592,MD,MDA,498,0,0,0,0,0,0,0.00164650684898153960,0.00181020051576753830,0.00176847298087194890,0.00197091484900513030,0.00206776716580110550,0.00221428268048461940,0.00214497758064776590,0.00218562396532194820,0.00194009091134081850,0.00195773401256353910,0.00203569529417691480
Monaco,Monaco,Europe,Western Europe,596,MC,MCO,492,1,0,0,0,0,0,NULL,NULL,NULL,NULL,NULL,NULL,NULL,NULL,NULL,NULL,NULL
Mongolia,Mongolia,Asia + Pacific,North East Asia,600,MN,MNG,496,0,0,0,0,0,0,0.02080580778904428420,0.02103749684874383700,0.02147837084515170490,0.02128389080406223800,0.02082047070605908860,0.02107821096378389080,0.02141945692518069940,0.02174010720327390010,0.02186859766866831510,0.02214870033155952730,0.02224558933034496490
Montenegro,Montenegro,Europe,Central Europe,602,ME,MNE,499,0,0,0,0,0,0,NULL,NULL,NULL,NULL,NULL,NULL,NULL,NULL,NULL,NULL,NULL
Montserrat,United Kingdom of Great Britain and Northern Ireland,Latin America + Caribbean,Caribbean,604,MS,MSR,500,0,0,0,0,0,0,0.07397316384180790960,0.11295809312638580930,0.11374863013698630140,0.11747718120805369130,0.11601053763440860220,0.08972514130207243040,0.07989360824742268040,0.10209077868852459020,0.10389938775510204080,0.10893028455284552850,0.11362144155057540880
Morocco,Morocco,Africa,Northern Africa,608,MA,MAR,504,0,0,0,0,0,1,0.00122844225551286830,0.00131527297286121870,0.00131437597658249010,0.00129385302279049170,0.00165363513957087070,0.00176541722267588150,0.00177858602208908670,0.00181793518135069830,0.00177794037835323310,0.00174095649782904790,0.00189481518468889840
Mozambique,Mozambique,Africa,Southern Africa,612,MZ,MOZ,508,0,1,0,1,0,0,0.00235689115542034190,0.00153500268821497200,0.00147766292786194550,0.00153017334641608170,0.00136020216451063663,0.00178490176293645050,0.00086604160779717704,0.00084572467232560867,0.00078606919275123558,0.00077611831685287445,0.00076820084031159121
Myanmar,Myanmar,Asia + Pacific,South East Asia,616,MM,MMR,104,0,1,0,0,0,0,0.00957565063050791490,0.01447615463592818780,0.00882372166386189560,0.00858087705815789950,0.01107628641088156040,0.00799455969390805280,0.00649384852703261970,0.00604674496842353770,0.00469257826239887440,0.00471316731502410730,0.00493397032997504390
Namibia,Namibia,Africa,Southern Africa,620,NA,NAM,516,0,0,0,1,0,0,0.00112917621644405810,0.00129545689905140630,0.00134942552213654700,0.00139833134804465890,0.00144943893137391930,0.00151622324287257710,0.00158161749304652370,0.00164178882106983230,0.00159813150526580100,0.00169287147189176580,0.00174771566382281540
Nauru,Nauru,Asia + Pacific,South Pacific,624,NR,NRU,520,0,0,0,0,1,0,0.000083540330611431985660,0.000085554626865671641790,0.000087488381330685203570,0.000089264950495049504950,0.000091074678536102868450,0.000092723282254078101830,0.000094659009900990099010,0.000096597222222222222220,0.000098568886679920477140,0.00010054880478087649,0.00010248478802992519
Nepal,Nepal,Asia + Pacific,South Asia,628,NP,NPL,524,0,1,0,0,0,0,0.00014918910292354276,0.00016025212322078537,0.00012632587779893706,0.00013432672116776416,0.00012688599183850348,0.00014075106456166155,0.00014122727627369899,0.00014207167630057803,0.00014444939693859669,0.00015990905974405630,0.00017184236012813827
Netherlands,Netherlands,Europe,Western Europe,632,NL,NLD,528,1,0,1,0,0,0,0.01137258116381566090,0.01161082619653672050,0.01157345534334014860,0.01171031182789034270,0.01163111691962469330,0.01134018721399565700,0.01096520475335556130,0.01079232247549079230,0.01067310139237285050,0.01046107491561652770,0.01103904858202128170
Netherlands Antilles,Netherlands,Latin America + Caribbean,Caribbean,636,AN,ANT,530,0,0,0,0,0,0,NULL,NULL,NULL,NULL,NULL,NULL,NULL,NULL,NULL,NULL,NULL
New Caledonia,France,Asia + Pacific,South Pacific,640,NC,NCL,540,0,0,0,0,0,0,0.00643869339555259270,0.00624434367988032910,0.00606733419070365610,0.00584437519757937050,0.00546852370163045890,0.00537006916935561440,0.00512921831955922870,0.00507338166094366020,0.00495025686004260120,0.00482200633927468820,0.00472641743005694480
New Zealand,New Zealand,Asia + Pacific,Australia + New Zealand,644,NZ,NZL,554,1,0,1,0,0,0,0.01013807565000790560,0.01057015680271934720,0.01042840123777745250,0.01090538735695934300,0.01065563964335007730,0.01087921976140024960,0.01098639910920377920,0.01036876909228795600,0.01015964695350136390,0.00913579647184554960,0.00891937987335570750
Nicaragua,Nicaragua,Latin America + Caribbean,Meso America,648,NI,NIC,558,0,0,0,0,0,0,0.00081583322224226218,0.00085041406767644962,0.00086418612272271738,0.00090241788080964595,0.00089504297941072722,0.00087969137816623344,0.00084537360654343132,0.00089926423412974285,0.00087936972254665683,0.00090117231640877331,0.00093439776304873922
Niger,Niger,Africa,Western Africa,652,NE,NER,562,0,1,0,0,0,0,0.000066098655116562630800,0.000069270734617949527920,0.000060893943625024328740,0.000060320385180349273710,0.000065294793412490459440,0.000060991595746294695000,0.000061912761244764139560,0.000070589478281081614110,0.000062410655520800113990,0.000062521008952492975230,0.000062870948866532022120
Nigeria,Nigeria,Africa,Western Africa,656,NG,NGA,566,0,0,0,0,0,0,0.00080122154675000203,0.00081587238601642792,0.00077210137357322500,0.00075797057714070162,0.00073069360804123560,0.00072454257590302752,0.00070968147088581098,0.00074394477773172902,0.00074073461721602032,0.00061144284050173445,0.00056854196408445413
Niue,New Zealand,Asia + Pacific,South Pacific,660,NU,NIU,570,0,0,0,0,1,0,0.00000000000000000000,0.00000000000000000000,0.00000000000000000000,0.00000000000000000000,0.00000000000000000000,0.00000000000000000000,0.00000000000000000000,0.00000000000000000000,0.00000000000000000000,0.00000000000000000000,0.00000000000000000000
Norfolk Island,Australia,Asia + Pacific,South Pacific,664,NF,NFK,574,0,0,0,0,0,0,NULL,NULL,NULL,NULL,NULL,NULL,NULL,NULL,NULL,NULL,NULL
Northern Mariana Islands,United States of America,Asia + Pacific,South Pacific,668,MP,MNP,580,0,0,0,0,0,0,0.00000000000000000000,0.00000000000000000000,0.00000000000000000000,0.00000000000000000000,0.00000000000000000000,0.00000000000000000000,0.00000000000000000000,0.00000000000000000000,0.00000000000000000000,0.00000000000000000000,0.00000000000000000000
Norway,Norway,Europe,Western Europe,672,NO,NOR,578,1,0,1,0,0,0,0.00984159213816104390,0.00986462061877591520,0.00966867622584947040,0.01017041629294672600,0.01012211121862768170,0.00976946148573109100,0.00977564740982525130,0.00979932557804570140,0.00943636797448272690,0.00905114742029477030,0.00918159979555328390
Occupied Palestinian Territory,Occupied Palestinian Territory,West Asia,Mashriq,676,PS,PSE,0,0,0,0,0,0,1,NULL,NULL,NULL,NULL,NULL,NULL,NULL,NULL,NULL,NULL,NULL
Oman,Oman,West Asia,Arabian Peninsula,680,OM,OMN,512,0,0,0,0,0,1,0.01939079510884685730,0.02062451150721517800,0.02100090538509190310,0.02132228603000267880,0.02064711850649350650,0.02089342351485933580,0.02156338188037934800,0.02223582930568851320,0.02307366050772695020,0.02371433828222978200,0.02276990263203901850
Pakistan,Pakistan,Asia + Pacific,South Asia,684,PK,PAK,586,0,0,0,0,0,0,0.00071734384559764169,0.00072273708437459570,0.00072332892433898486,0.00075988059309801863,0.00083442581742947193,0.00083831209525799039,0.00089025890892819410,0.00097559904348250451,0.00094840366928530370,0.00093360142039107787,0.00088910706963366811
Palau,Palau,Asia + Pacific,South Pacific,688,PW,PLW,585,0,0,0,0,1,0,0.00000000000000000000,0.00000000000000000000,0.00000000000000000000,0.00000000000000000000,0.00000000000000000000,0.00000000000000000000,0.00000000000000000000,0.00000000000000000000,0.00000000000000000000,0.00000000000000000000,0.00000000000000000000
Panama,Panama,Latin America + Caribbean,Meso America,692,PA,PAN,591,0,0,0,0,0,0,0.00175590298578307650,0.00216575161804768950,0.00188185750916327140,0.00204883979264379170,0.00187652497169531440,0.00190513468788715150,0.00212067924550314860,0.00202449420371638170,0.00292623006179857490,0.00331836221082179850,0.00351194764730991020
Papua New Guinea,Papua New Guinea,Asia + Pacific,South Pacific,696,PG,PNG,598,0,0,0,0,1,0,0.00719987804946061050,0.00701743260064830940,0.00712647983223415140,0.00620981165888373860,0.00682411918378874530,0.00623714722537549460,0.00613415415158986840,0.00581098908656656690,0.00561029968492782650,0.00577007918172421970,0.00572081108742750340
Paraguay,Paraguay,Latin America + Caribbean,South America,704,PY,PRY,600,0,0,0,0,0,0,0.00559444885753002200,0.00640740428742523740,0.00523576786320061310,0.00483067744859081190,0.00455674025128898230,0.00411441404973095290,0.00310458570388276880,0.00275606992659927380,0.00260018826140432740,0.00258040325299572420,0.00262864334677044830
Peru,Peru,Latin America + Caribbean,South America,708,PE,PER,604,0,0,0,0,0,0,0.00190481959684770440,0.00145656443857972730,0.00144008769206020220,0.00142421130781988160,0.00148103547683168030,0.00153412111833728310,0.00136443256857659640,0.00142411855240677200,0.00149392152478900010,0.00154472028008280830,0.00165849816148830600
Philippines,Philippines,Asia + Pacific,South East Asia,712,PH,PHL,608,0,0,0,0,0,0,0.00099486425959957194,0.00096540257106754538,0.00091793941220649854,0.00092709131562731903,0.00093435694332154437,0.00092853281007489991,0.00084976524209480511,0.00089771534337359565,0.00092288812930653869,0.00090927166588309042,0.00095826283679154320
Pitcairn Island,United Kingdom of Great Britain and Northern Ireland,Asia + Pacific,South Pacific,716,PN,PCN,612,0,0,0,0,0,0,NULL,NULL,NULL,NULL,NULL,NULL,NULL,NULL,NULL,NULL,NULL
Poland,Poland,Europe,Central Europe,720,PL,POL,616,1,0,1,0,0,0,0.00815529550420584390,0.00804785108587565610,0.00782367569996290550,0.00808218999017003740,0.00875716471988594000,0.00872704239876669550,0.00905653214362390100,0.00907248403340220120,0.00910546560983720740,0.00876853713711197690,0.00929484695854320030
Portugal,Portugal,Europe,Western Europe,724,PT,PRT,620,1,0,1,0,0,0,0.00625781568376317170,0.00617374670312152800,0.00654126745930970800,0.00603781013507040900,0.00614062664032601330,0.00641822852250023780,0.00574569836855941610,0.00567422010439659340,0.00524433532956792400,0.00522089275756802480,0.00465820884247105710
Puerto Rico,United States of America,Latin America + Caribbean,Caribbean,728,PR,PRI,630,0,0,0,0,0,0,0.00019612850212537332,0.00019381737976922429,0.00019175909748519658,0.00019926421245634151,0.00020751176073042418,0.00020653073270338249,0.00020330074458098652,0.00018658724788235892,0.00018385020369958134,0.00018404946743716404,0.00019720029005275402
Qatar,Qatar,West Asia,Arabian Peninsula,732,QA,QAT,634,0,0,0,0,0,1,0.05199926561370944240,0.05203363789411745480,0.05167082175466454940,0.05467118017690536770,0.05628321163830200730,0.05154166245513962580,0.04851343530384456390,0.04596333061451156660,0.04002141107047994640,0.03930828346376144440,0.04075841139388813000
Republic of Korea,Republic of Korea,Asia + Pacific,North East Asia,736,KR,KOR,410,1,0,1,0,0,0,0.00975279051355889440,0.00999296428671938760,0.01026009828857179810,0.01050721371571821650,0.01081147318557390500,0.01071753722378495140,0.01077049786959601620,0.01091565312806111080,0.01128058410629230380,0.01138750129762275510,0.01220048334602581010
Romania,Romania,Europe,Central Europe,744,RO,ROU,642,0,0,0,0,0,0,0.00427685319183148420,0.00460504435210958270,0.00456030670214295990,0.00475506269818391470,0.00463431145129116990,0.00464254543645679300,0.00485982579060429450,0.00470128407196616990,0.00449711358980195770,0.00389873273308903730,0.00380213160121675090
Russian Federation,Russian Federation,Europe,Eastern Europe,748,RU,RUS,643,0,0,0,0,0,0,0.01388408522584030030,0.01422583293425463500,0.01548127074442863920,0.01453961899503037000,0.01353118872591473770,0.01356797954603878190,0.01366934557979334100,0.01380377579149611560,0.01367156886627643950,0.01287542626487577420,0.01287853890180896550
Rwanda,Rwanda,Africa,Eastern Africa,752,RW,RWA,646,0,1,0,1,0,0,0.00015042677218250556,0.00014486415525114155,0.00014340218436231574,0.00014785830200401702,0.00013689085600548065,0.00014574111348900149,0.00014849160796816048,0.00014931799914183321,0.00014941895725325247,0.00014992544896815674,0.00015076545442800853
Réunion,France,Africa,Western Indian Ocean,740,RE,REU,638,0,0,0,0,0,0,0.00248266858309638350,0.00251736176132259700,0.00230692077550643840,0.00239861475686773920,0.00236016661326497920,0.00242078527604259510,0.00234280404604811850,0.00238549294214652280,0.00242515333697698430,0.00242799419685143220,0.00244980043311519700
Saint Helena,United Kingdom of Great Britain and Northern Ireland,Africa,Southern Africa,756,SH,SHN,654,0,0,0,0,0,0,0.00159155290436143160,0.00088882574257425743,0.00089808048289738431,0.00092261065573770492,0.00113060669456066950,0.00121382020072603030,0.00098011764705882353,0.00118080623608017820,0.00123225681818181820,0.00123769373549883990,0.00123633364750235630
Saint Kitts and Nevis,Saint Kitts and Nevis,Latin America + Caribbean,Caribbean,760,KN,KNA,659,0,0,0,0,1,0,0.00244256103987352890,0.00223787059078121620,0.00224289367142552740,0.00229259647651006710,0.00240766212308963240,0.00235527788518284870,0.00247806101967081490,0.00242373217115689380,0.00249213461162199180,0.00253725111154069210,0.00258118123471882640
Saint Lucia,Saint Lucia,Latin America + Caribbean,Caribbean,764,LC,LCA,662,0,0,0,0,1,0,0.00208947492497562900,0.00208729908603844940,0.00213012732492822370,0.00219797242999320020,0.00243016640156613240,0.00242077421149044480,0.00250298819038530360,0.00257440493682045250,0.00265504544665084240,0.00272832762557077630,0.00280388619875195180
Saint Pierre and Miquelon,France,North America,North America,768,PM,SPM,666,0,0,0,0,0,0,0.00120614415563705950,0.00095245120000000000,0.00100878456591639871,0.00101735967741935484,0.00105084927066450567,0.00107373248615184099,0.00135729950900163670,0.00101292775041050903,0.00103377759472817133,0.00101812706270627063,0.00100292211013725814
Saint Vincent and the Grenadines,Saint Vincent and the Grenadines,Latin America + Caribbean,Caribbean,772,VC,VCT,670,0,0,0,0,1,0,0.00153654874556289790,0.00154052227058060930,0.00162866389274156260,0.00169339178587909550,0.00186034450994841560,0.00187609081462818050,0.00193469837480488480,0.00201504814305364510,0.00208269512641993400,0.00215214645308924490,0.00222197116616048890
Samoa,Samoa,Asia + Pacific,South Pacific,776,WS,WSM,882,0,1,0,0,1,0,0.00097177202286185529,0.00093829241897818534,0.00087878135794778866,0.00086676609635299415,0.00084341406118910454,0.00080697834689431328,0.00090018224995857955,0.00089458955223880597,0.00090101940689053642,0.00093112073632918246,0.00096045777808836257
San Marino,San Marino,Europe,Western Europe,780,SM,SMR,674,0,0,0,0,0,0,NULL,NULL,NULL,NULL,NULL,NULL,NULL,NULL,NULL,NULL,NULL
Sao Tome and Principe,Sao Tome and Principe,Africa,Central Africa,784,ST,STP,678,0,1,0,1,1,0,0.00118983274521616890,0.00103133022993370010,0.00102208376600899970,0.00112613590126135900,0.00082742641209228321,0.00084773146201856224,0.00068262074176689125,0.00074552298182263296,0.00075532243684992571,0.00072588894019856846,0.00069811140785959557
Saudi Arabia,Saudi Arabia,West Asia,Arabian Peninsula,788,SA,SAU,682,0,0,0,0,0,1,0.01288489222918300690,0.01297545424955484500,0.01299827722082730060,0.01304070049841810230,0.01287505453203127620,0.01310658928072385290,0.01328824408105029580,0.01374029542051891520,0.01439472207051398750,0.01510781298980460060,0.01562776978839550380
Senegal,Senegal,Africa,Western Africa,792,SN,SEN,686,0,1,0,0,0,0,0.00041553264758134517,0.00046605034044529652,0.00046702694898941290,0.00042967349042019956,0.00050118166235092454,0.00051226177378713135,0.00049211769073375407,0.00049248803023939521,0.00051383387260188907,0.00052515730765563924,0.00053293360925362531
Serbia,Serbia,Europe,Central Europe,794,RS,SRB,688,0,0,0,0,0,0,0.00420236750905338580,0.00447056865681869350,0.00483966751691468300,0.00518078832869163600,0.00580881120555489050,0.00259027395554198520,0.00269397850593169950,0.00496864737869691180,0.00489466221629385570,0.00568984869989517530,0.00652003553395783820
Seychelles,Seychelles,Africa,Western Indian Ocean,796,SC,SYC,690,0,0,0,1,1,0,0.00627427482638453630,0.00608816130225675180,0.00777523302263648470,0.00782098076466397530,0.00737934693877551020,0.00742311755115162930,0.00775039111211880740,0.00832894648266576910,0.00846915461624026700,0.00882828438948995360,0.00918729716691518290
Sierra Leone,Sierra Leone,Africa,Western Africa,800,SL,SLE,694,0,1,0,0,0,0,0.00076803003072641892,0.00072490205253196824,0.00087665839463170897,0.00068475373242006807,0.00069994399555211052,0.00053463348893533077,0.00074861718908294214,0.00106448462154866490,0.00101025281355858670,0.00162069283376882140,0.00085707877982885893
Singapore,Singapore,Asia + Pacific,South East Asia,804,SG,SGP,702,1,0,0,0,1,0,0.00983678688373968590,0.00951427690839315190,0.00916576407558555600,0.00869762642869062250,0.00882429303768104020,0.00915144787945385870,0.00901690610297097510,0.00903306382421186540,0.00881411023206315950,0.00810324093378535990,0.00844346393067885810
Slovakia,Slovakia,Europe,Central Europe,808,SK,SVK,703,1,0,1,0,0,0,0.00792296228106480870,0.00784010244133285080,0.00780436198822920200,0.00774950625900242040,0.00757160832464172640,0.00770330650710656980,0.00755419275947678510,0.00753438949853118550,0.00769811446182482280,0.00707517363927270580,0.00760794266615624720
Slovenia,Slovenia,Europe,Central Europe,812,SI,SVN,705,1,0,0,0,0,0,0.00843361564172802900,0.00882255381383403780,0.00908396102688823120,0.00886655920296077570,0.00889109486708981340,0.00898227810133226690,0.00913560705610639910,0.00913749405987644540,0.00924289165399735300,0.00831977497859850800,0.00846550775716448500
Solomon Islands,Solomon Islands,Asia + Pacific,South Pacific,816,SB,SLB,90,0,1,0,0,1,0,0.00067743781770206822,0.00063515925672325455,0.00072076434878587196,0.00074559854815943360,0.00080401240635170260,0.00063834257392831117,0.00067942797711908476,0.00084625419079548918,0.00087533264487429003,0.00094731047071617213,0.00101603580227449300
Somalia,Somalia,Africa,Eastern Africa,820,SO,SOM,706,0,1,0,1,0,1,0.000087628056359692475170,0.000084978716749438513810,0.000079738484421000981350,0.000079246825277348896640,0.000077837010316401150550,0.000080670702756840133510,0.000078680589847450467160,0.000082075784016115185420,0.000082469535877535212350,0.000082868716587516056650,0.000083120783464799811540
South Africa,South Africa,Africa,Southern Africa,824,ZA,ZAF,710,0,0,0,1,0,0,0.00692282306455605030,0.00653726830897409980,0.00672528243388946860,0.00725906249333247990,0.00755548545833070470,0.00752285152160347300,0.00739804658274631330,0.00750469731547412650,0.00729206743920027850,0.00681920631957476490,0.00644220677752641280
South Sudan,South Sudan,Africa,Eastern Africa,846,SD,SSD,728,0,1,0,1,0,0,NULL,NULL,NULL,NULL,NULL,NULL,NULL,NULL,NULL,NULL,NULL
Spain,Spain,Europe,Western Europe,832,ES,ESP,724,1,0,1,0,0,0,0.00762521473184584980,0.00755009605782607520,0.00790290398024509820,0.00795722571693097140,0.00814384352252267020,0.00836263900893114380,0.00804398424106179820,0.00822786085469090390,0.00735364716179597470,0.00654397510179371120,0.00611723182192196090
Sri Lanka,Sri Lanka,Asia + Pacific,South Asia,840,LK,LKA,144,0,0,0,0,0,0,0.00061609113676882588,0.00059728635138755378,0.00061803767237082572,0.00065248179673879602,0.00071142894779507134,0.00074609173337075780,0.00067441502463054187,0.00072668075401809683,0.00071502122000352037,0.00070023347587820423,0.00077405726727941885
Sudan,Sudan,Africa,Northern Africa,844,SD,SDN,729,0,1,0,1,0,1,0.00034049001435279014,0.00036119473321423045,0.00040351670641120522,0.00042020417695335958,0.00044154055090225026,0.00043929094944263105,0.00046858862566556061,0.00045610401495561182,0.00046572131104197696,0.00047838362044231233,0.00047048131942107035
Suriname,Suriname,Latin America + Caribbean,South America,848,SR,SUR,740,0,0,0,0,1,0,0.01223293647732435050,0.01172897255498510490,0.01603332639033534680,0.01199782282744880560,0.01730041143922657530,0.01052544127097250780,0.00852817751736970250,0.00838967145348039890,0.00768830160855307840,0.00764388565276736450,0.00760387458092045110
Svalbard and Jan Mayen Islands,Norway,Europe,Western Europe,852,SJ,SJM,744,0,0,0,0,0,0,NULL,NULL,NULL,NULL,NULL,NULL,NULL,NULL,NULL,NULL,NULL
Swaziland,Swaziland,Africa,Southern Africa,856,SZ,SWZ,748,0,0,0,1,0,0,0.00086033599383290559,0.00094894674159812423,0.00083675543809717422,0.00079662754037484029,0.00096057583397274288,0.00080903823870220162,0.00082438810641627543,0.00101113676011912100,0.00085556922863605245,0.00086774930134278509,0.00087973012613669698
Sweden,Sweden,Europe,Western Europe,860,SE,SWE,752,1,0,1,0,0,0,0.00814479479908208490,0.00813417202568729720,0.00831073620044977310,0.00832613302765118680,0.00807894865765236140,0.00768707309726516470,0.00755050782865843460,0.00720999523973814190,0.00702268435095987250,0.00661391147438858040,0.00716394700659752940
Switzerland,Switzerland,Europe,Western Europe,864,CH,CHE,756,1,0,1,0,0,0,0.00621427714155727800,0.00629097125589172280,0.00609791328051746110,0.00627498943625258610,0.00629134329983933770,0.00631620506410784210,0.00620003287816235130,0.00589131638886355190,0.00612481804663755410,0.00587975621127839260,0.00603886326979144450
Syrian Arab Republic,Syrian Arab Republic,West Asia,Mashriq,868,SY,SYR,760,0,0,0,0,0,1,0.00309788531078967940,0.00296473863840488590,0.00293812188505828290,0.00285075584588259100,0.00280849174021271780,0.00276082433369662140,0.00281839307839977880,0.00279377859571096290,0.00252411518669425590,0.00230811255444188740,0.00230130128270622220
Tajikistan,Tajikistan,Europe,Central Asia,876,TJ,TJK,762,0,0,0,0,0,0,0.00078356489900826847,0.00085244079664956895,0.00083475169109885511,0.00086738871081121231,0.00095851096875267297,0.00096214615797168529,0.00104459545734285040,0.00115744717354191100,0.00107098725129720630,0.00098804414963611462,0.00100947775958297330
Thailand,Thailand,Asia + Pacific,South East Asia,880,TH,THA,764,0,0,0,0,0,0,0.00289616864014474670,0.00297629108390638200,0.00310725448212947780,0.00325704042438705940,0.00366307457357337980,0.00362344130141322010,0.00358879242304656670,0.00356620846316942830,0.00362060759715525960,0.00359844169874149970,0.00417259643114771630
The former Yugoslav Republic of Macedonia,The former Yugoslav Republic of Macedonia,Europe,Central Europe,884,MK,MKD,807,0,0,0,0,0,0,0.00443879773698547360,0.00445960001936952210,0.00418786274850080020,0.00435132420574086800,0.00438780187272561650,0.00457136705517597750,0.00454696246059795590,0.00472826263223664760,0.00459650176055499170,0.00461610237270061320,0.00465287172608004870
Timor-Leste,Timor-Leste,Asia + Pacific,South East Asia,886,TL,TLS,626,0,1,0,0,1,0,0.000001153739815015493480,0.000001155391059849658580,0.000001174433214361163930,0.000001207345425715418320,0.000001249433810070424720,0.000001296017854219334910,0.000001343984833154880600,0.000001398499579998262060,0.000001455467321755027420,0.000001511008372565049470,0.000001563212747232386860
Togo,Togo,Africa,Western Africa,888,TG,TGO,768,0,1,0,0,0,0,0.00150747109306747520,0.00147663669342157710,0.00179596461130400670,0.00110705538737697190,0.00125384736515464490,0.00157297647562096020,0.00119182707950438370,0.00271013109252914830,0.00325947934777344100,0.00269156280617011100,0.00240627591773562050
Tokelau,New Zealand,Asia + Pacific,South Pacific,892,TK,TKL,772,0,0,0,0,0,0,0.00000000000000000000,0.00000000000000000000,0.00000000000000000000,0.00000000000000000000,0.00000000000000000000,0.00000000000000000000,0.00000000000000000000,0.00000000000000000000,0.00000000000000000000,0.00000000000000000000,0.00000000000000000000
Tonga,Tonga,Asia + Pacific,South Pacific,896,TO,TON,776,0,0,0,0,1,0,0.00100701190257446770,0.00099741116751269036,0.00074056419055308841,0.00081157488213461731,0.00075039772727272727,0.00075603011093502377,0.00073964475496949419,0.00073807214781503568,0.00067517824186498300,0.00064925164156044805,0.00062406002036542489
Trinidad and Tobago,Trinidad and Tobago,Latin America + Caribbean,Caribbean,900,TT,TTO,780,0,0,0,0,1,0,0.01374516948216848850,0.01482068613196054540,0.01570234480167798890,0.01698287209764228470,0.02167253057238952870,0.02503149745938485500,0.02959546751772179090,0.02842027724344294830,0.03079965057541114360,0.03015447781508030120,0.03204850574885738170
Tunisia,Tunisia,Africa,Northern Africa,904,TN,TUN,788,0,0,0,0,0,1,0.00220024956086081750,0.00226496355204866910,0.00227802257314116210,0.00225773103748024840,0.00231678323014022800,0.00224391627037029670,0.00230479714966240820,0.00236882780638316510,0.00246876774286676610,0.00249733617474693660,0.00256937677533437420
Turkey,Turkey,Europe,Central Europe,908,TR,TUR,792,0,0,1,0,0,0,0.00357913398602284150,0.00324006283901947420,0.00336509166855063570,0.00348783635610866520,0.00352644003494620440,0.00363794984286222510,0.00397560410513170610,0.00428899297086903660,0.00404977012229351870,0.00399798711698724470,0.00416546179171720670
Turkmenistan,Turkmenistan,Europe,Central Asia,912,TM,TKM,795,0,0,0,0,0,0,0.00868803621968178930,0.00893315992055820170,0.00907720801622548730,0.01011873822084147300,0.00927743523360188040,0.00954888960032351550,0.00955714761746084640,0.01024560334606771180,0.01092218873664474510,0.01018606295290582770,0.01101747322491074970
Turks and Caicos Islands,United Kingdom of Great Britain and Northern Ireland,Latin America + Caribbean,Caribbean,916,TC,TCA,796,0,0,0,0,0,0,0.000035674030514939605850,0.00024399653293709757,0.00018529852805887764,0.00016309782144382742,0.00015776698641087130,0.00014875349716446125,0.00018051736613603473,0.00036289455307262570,0.00037068860244233379,0.00043831404958677686,0.00050302326331752331
Tuvalu,Tuvalu,Asia + Pacific,South Pacific,920,TV,TUV,798,0,1,0,0,1,0,0.000055775241533071451320,0.000055801267159450897570,0.000055742392444910807970,0.000055662356621480709070,0.000055567461139896373060,0.000055554879306787703730,0.000055593319630010277490,0.000055663217213114754100,0.000055733707865168539330,0.000055860754332313965340,0.000056004375699603134220
Uganda,Uganda,Africa,Eastern Africa,924,UG,UGA,800,0,1,0,1,0,0,0.00079263540345037816,0.00077996253188775510,0.00076359305256828326,0.00075005961607249314,0.00073417005798249721,0.00072030537965319287,0.00070479681199808828,0.00069160526932389159,0.00067752086296524727,0.00066368673606314451,0.00065083325487242256
Ukraine,Ukraine,Europe,Eastern Europe,928,UA,UKR,804,0,0,0,0,0,0,0.00732720171554838030,0.00734421212407909400,0.00742133380359124910,0.00802586221322311280,0.00760733817346497930,0.00723357356070426150,0.00723269890103325490,0.00755845258203081460,0.00740849393259781240,0.00616286232393072430,0.00665944990466925230
United Arab Emirates,United Arab Emirates,West Asia,Arabian Peninsula,932,AE,ARE,784,0,0,0,0,0,1,0.03063251111074396550,0.02968478017943232970,0.03222393508624459910,0.03260043036284039470,0.03144730584421618840,0.02847587782726904610,0.02570718921003191380,0.02428316385934953040,0.02268674323099914100,0.02144171270431907460,0.02101784745437443880
United Kingdom of Great Britain and Northern Ireland,United Kingdom of Great Britain and Northern Ireland,Europe,Western Europe,936,GB,GBR,826,1,0,1,0,0,0,0.00940608704797511170,0.00966896346635396850,0.00932891258734787210,0.00950401940436765780,0.00939784042771334400,0.00934357138829086740,0.00930401891096964910,0.00906334877251912400,0.00884261893620594360,0.00801252171770868450,0.00833805408401325030
United Republic of Tanzania,United Republic of Tanzania,Africa,Southern Africa,940,TZ,TZA,834,0,1,0,1,0,0,0.00148430799077027090,0.00168954074175965890,0.00144013237819948890,0.00168727013557920390,0.00159370424015824130,0.00179609729963631120,0.00085008662473962506,0.00074575689997738310,0.00068949893516048147,0.00067468686840911278,0.00066018949020863490
United States Virgin Islands,United States of America,Latin America + Caribbean,Caribbean,948,VI,VIR,850,0,0,0,0,0,0,0.000013550792085595008800,0.000013598562344484379320,0.000013641025641025641030,0.000013679198226491779050,0.000013718226418587429420,0.000013757237770024497070,0.000013804485389912525590,0.000013855022404779686330,0.000013905234572525517370,0.000013946493945367502110,0.000013973228553702694060
United States of America,United States of America,North America,North America,944,US,USA,840,1,0,1,0,0,0,0.02082433220658200810,0.02018571781325969540,0.02029014365935163810,0.02023200390599659250,0.02023598330891037510,0.02007079948753378990,0.01952203573434171920,0.01958115390059482470,0.01884665929686914040,0.01733815413645586960,0.01772852901709223790
Uruguay,Uruguay,Latin America + Caribbean,South America,952,UY,URY,858,0,0,0,0,0,0,0.00178400946748413050,0.00162061886039269440,0.00149801652892561980,0.00149381279300898240,0.00179093031511935060,0.00176725330510411530,0.00203800950087381610,0.00188655275912268820,0.00180673056824628980,0.00189387370068711440,0.00177959537126554720
Uzbekistan,Uzbekistan,Europe,Central Asia,956,UZ,UZB,860,0,0,0,0,0,0,0.00482943057602925660,0.00487668634903938870,0.00505522223099392120,0.00486845452161900920,0.00469330292735142180,0.00443327548340526180,0.00454479189998747190,0.00446670091379846940,0.00469159833032357380,0.00425173768289477530,0.00410413658248497440
Vanuatu,Vanuatu,Asia + Pacific,South Pacific,960,VU,VUT,548,0,1,0,0,1,0,0.00042045953160630721,0.00040451635057319457,0.00034171178138695540,0.00032723045991455139,0.00032373536471856170,0.00030932967164179104,0.00028530771022594922,0.00032471863636363636,0.00032622848269742680,0.00033121301390633800,0.00033591297466345605
Venezuela Bolivarian Republic of,Venezuela Bolivarian Republic of,Latin America + Caribbean,South America,964,VE,VEN,862,0,0,0,0,0,0,0.00741211753716055650,0.00849877766340710240,0.00730140998515805100,0.00780138929806335570,0.00725702840301127510,0.00736345642242169580,0.00736551566884509160,0.00814469968433498820,0.00802206946583073440,0.00766336633663366340,0.00809243439967221360
Viet Nam,Viet Nam,Asia + Pacific,South East Asia,968,VN,VNM,704,0,0,0,0,0,0,0.00075327459360423500,0.00081629609146347432,0.00093825024803840688,0.00099430491670325821,0.00123297991933509680,0.00127208559599472150,0.00128331288572508150,0.00137791554789424310,0.00146203696497163760,0.00162235827664399090,0.00180868840639928850
Wake Island,United States of America,Asia + Pacific,South Pacific,972,,,0,0,0,0,0,0,0,NULL,NULL,NULL,NULL,NULL,NULL,NULL,NULL,NULL,NULL,NULL
Wallis and Futuna,France,Asia + Pacific,South Pacific,976,WF,WLF,876,0,0,0,0,0,0,0.00000000000000000000,0.00000000000000000000,0.00000000000000000000,0.00000000000000000000,0.00000000000000000000,0.00000000000000000000,0.00000000000000000000,0.00000000000000000000,0.00000000000000000000,0.00000000000000000000,0.00000000000000000000
Western Sahara,Western Sahara,Africa,Northern Africa,980,EH,ESH,732,0,0,0,0,0,0,0.00070790373509153674,0.00064787191665389919,0.00057505768409058539,0.00056838344272708025,0.00051854720950377429,0.00052657662080218429,0.00047543327459683715,0.00050111745024021963,0.00050725139410020937,0.00050417519771969971,0.00050062955651241237
Yemen,Yemen,West Asia,Arabian Peninsula,984,YE,YEM,887,0,1,0,0,0,1,0.00087393922100156941,0.00089308929561841375,0.00093471007110090507,0.00099939207496344589,0.00099243857296547645,0.00107307953941717106,0.00112563341835376566,0.00114739262210724099,0.00114966180725778212,0.00114528376578975780,0.00108845055572639810
Zambia,Zambia,Africa,Southern Africa,992,ZM,ZMB,894,0,1,0,1,0,0,0.01115968715968715970,0.01083737852365833180,0.01075018352250268230,0.01053136903942356230,0.01169839011338111990,0.01102964254577157800,0.01063607659401100020,0.01043188874942194620,0.00495899329667242000,0.00483661598440545810,0.00470840584096239690
Zimbabwe,Zimbabwe,Africa,Southern Africa,996,ZW,ZWE,716,0,0,0,1,0,0,0.00120215616177611427,0.00114836177582864588,0.00109201876448670585,0.00098243523684023641,0.00091672575435279288,0.00098774251412207134,0.00094423268863513121,0.00089078664385174487,0.00092532853566958698,0.00095798710518353001,0.00101637990364762560